player,season,week,line,etr_side,book,price_american,etr_mean_projection,date
Isaiah McKenzie,2022,1,22.5,Over,DraftKings,-115,36.8,9/5/2022
Josh Reynolds,2022,1,33.5,Under,DraftKings,-115,28.9,9/7/2022
Sterling Shepard,2022,1,39.5,Under,DraftKings,-115,35.4,9/9/2022
Skyy Moore,2022,1,25.5,Under,DraftKings,-115,21.1,9/11/2022
Curtis Samuel,2022,3,51.5,Under,DraftKings,-115,46.2,9/21/2022
Parris Campbell,2022,3,27.5,Under,DraftKings,-110,21.8,9/22/2022
Alec Pierce,2022,3,26.5,Under,DraftKings,-120,18.6,9/22/2022
Stefon Diggs,2022,3,74.5,Over,FanDuel,-114,98.3,9/22/2022
Marquise Goodwin,2022,3,19.5,Under,DraftKings,-110,17.6,9/23/2022
Dante Pettis,2022,3,16.5,Under,DraftKings,-115,13.4,9/23/2022
Allen Robinson,2022,6,36.5,Under,DraftKings,-115,31.6,10/13/2022
Jaylen Waddle,2022,6,58.5,Under,BetMGM,-110,50.5,10/13/2022
Gabriel Davis,2022,6,51.5,Over,BetMGM,-110,68.4,10/13/2022
K.J. Osborn,2022,6,34.5,Under,DraftKings,-115,29.2,10/14/2022
Mecole Hardman,2022,6,29.5,Under,DraftKings,-110,27.3,10/14/2022
Tre'Quan Smith,2022,6,25.5,Over,DraftKings,-115,34.5,10/15/2022
DeVante Parker,2022,6,29.5,Under,DraftKings,-115,22.4,10/16/2022
K.J. Hamler,2022,6,24.5,Under,BetMGM,-115,23.1,10/17/2022
Drake London,2022,8,33.5,Over,DraftKings,-110,53.3,10/26/2022
Julio Jones,2022,8,24.5,Over,DraftKings,-115,35.5,10/27/2022
D'Wayne Eskridge,2022,8,20.5,Under,DraftKings,-110,15.2,10/28/2022
Olamide Zaccheaus,2022,8,37.5,Under,DraftKings,-120,33.4,10/28/2022
Nick Westbrook-Ikhine,2022,8,24.5,Under,BetMGM,-110,21.3,10/30/2022
Lawrence Cager,2022,12,14.5,Over,FanDuel,-122,22.3,11/24/2022
Nico Collins,2022,12,54.5,Under,FanDuel,-114,44.7,11/25/2022
Jaylen Waddle,2022,12,75.5,Under,FanDuel,-114,69,11/25/2022
Garrett Wilson,2022,12,54.5,Under,DraftKings,-125,51.2,11/27/2022
Isaiah McKenzie,2022,13,35.5,Under,FanDuel,-114,29.9,11/30/2022
Sterling Shepard,2022,1,39.5,Under,DraftKings,-115,35.4,9/9/2022
Stefon Diggs,2022,3,74.5,Over,FanDuel,-114,98.3,9/22/2022
Curtis Samuel,2022,3,51.5,Under,DraftKings,-115,46.2,9/21/2022
Allen Robinson,2022,6,36.5,Under,DraftKings,-115,31.6,10/13/2022
Jaylen Waddle,2022,6,58.5,Under,BetMGM,-110,50.5,10/13/2022
Gabriel Davis,2022,6,51.5,Over,BetMGM,-110,68.4,10/13/2022
Tre'Quan Smith,2022,6,25.5,Over,DraftKings,-115,34.5,10/15/2022
Drake London,2022,8,33.5,Over,DraftKings,-110,53.3,10/26/2022
Julio Jones,2022,8,24.5,Over,DraftKings,-115,35.5,10/27/2022
Olamide Zaccheaus,2022,8,37.5,Under,DraftKings,-120,33.4,10/28/2022
Nico Collins,2022,12,54.5,Under,FanDuel,-114,44.7,11/25/2022
Jaylen Waddle,2022,12,75.5,Under,FanDuel,-114,69,11/25/2022
Garrett Wilson,2022,12,54.5,Under,DraftKings,-125,51.2,11/27/2022
Alec Pierce,2022,4,32.5,Under,DraftKings,-115,28.1,9/29/2022
Greg Dortch,2022,4,34.5,Under,DraftKings,-115,29.5,10/1/2022
Michael Pittman,2022,5,64.5,Under,BetMGM,-115,59.7,10/6/2022
Tyreek Hill,2022,7,74.5,Over,BetMGM,-110,93,10/20/2022
Diontae Johnson,2022,7,61.5,Under,DraftKings,-115,55.5,10/21/2022
DJ Moore,2022,9,68.5,Under,DraftKings,-115,65.9,11/3/2022
Juju Smith-Schuster,2022,9,59.5,Under,DraftKings,-115,55.7,11/4/2022
Robert Woods,2022,9,38.5,Under,DraftKings,-120,35.9,11/6/2022
Devin Duvernay,2022,9,43.5,Under,DraftKings,110,39.6,11/7/2022
Chase Claypool,2022,10,28.5,Over,DraftKings,-115,43.1,11/10/2022
Curtis Samuel,2022,11,40.5,Under,DraftKings,-110,36.2,11/18/2022
Van Jefferson,2022,11,43.5,Under,DraftKings,-115,39.1,11/18/2022
Keenan Allen,2022,11,32.5,Over,DraftKings,-110,47.7,11/20/2022
Parris Campbell,2022,15,45.5,Under,DraftKings,-115,43.3,12/16/2022
Mike Evans,2022,16,49.5,Over,DraftKings,-115,69.2,12/23/2022
Parris Campbell,2022,16,42.5,Under,DraftKings,-115,37.6,12/23/2022
Alec Pierce,2022,16,44.5,Under,DraftKings,-115,40.1,12/24/2022
